Wall time,Step,Value
1650796142.475276,1,0.9238495230674744
1650796327.3912838,2,0.9314806461334229
1650796515.4148507,3,0.9372736811637878
1650796702.4989054,4,0.9388746023178101
1650796887.1694314,5,0.942584216594696
1650797073.738662,6,0.9451284408569336
1650797256.6500065,7,0.9471045136451721
1650797437.352745,8,0.9471045136451721
1650797618.0126514,9,0.9471045136451721
1650797801.245319,10,0.9471045136451721
1650797981.9360232,11,0.9471045136451721
1650798164.6376057,12,0.9471045136451721
1650798346.3201308,13,0.9471045136451721
1650798527.0454757,14,0.9471045136451721
1650798708.7036574,15,0.9471045136451721
1650798889.993255,16,0.9471045136451721
1650799070.0246515,17,0.9471045136451721
1650799251.94481,18,0.9471045136451721
1650799433.775019,19,0.9471045136451721
1650799614.8595848,20,0.9471045136451721
1650799796.71837,21,0.9471045136451721
1650799979.3201277,22,0.9471045136451721
1650800159.4591131,23,0.9471045136451721
1650800342.3271565,24,0.9471045136451721
1650800525.4847648,25,0.9471045136451721
1650800705.1314752,26,0.9471045136451721
1650800887.6739802,27,0.9471045136451721
1650801069.096916,28,0.9471045136451721
1650801249.7690723,29,0.9471045136451721
1650801432.394932,30,0.9471045136451721
1650801614.299815,31,0.9471045136451721
1650801795.6811607,32,0.9471045136451721
