Wall time,Step,Value
1650805964.7293766,1,0.9287536144256592
1650806122.2254782,2,0.9338998198509216
1650806275.227996,3,0.9372395873069763
1650806430.9852262,4,0.9372395873069763
1650806584.7079194,5,0.9381066560745239
1650806738.531569,6,0.939506471157074
1650806892.7155042,7,0.939506471157074
1650807046.515083,8,0.939506471157074
1650807200.3809252,9,0.939506471157074
1650807354.5756218,10,0.939506471157074
1650807508.2729967,11,0.939506471157074
1650807661.2696044,12,0.939506471157074
1650807814.5808022,13,0.939506471157074
1650807968.7097185,14,0.9397844672203064
1650808122.1748765,15,0.9397844672203064
1650808276.609676,16,0.9409610033035278
1650808430.166093,17,0.9416341781616211
1650808585.4537055,18,0.9429157972335815
1650808740.035521,19,0.9429157972335815
1650808894.2483828,20,0.9429157972335815
1650809048.5329857,21,0.9429157972335815
1650809203.5396998,22,0.9429157972335815
1650809357.2637959,23,0.9429157972335815
1650809511.633207,24,0.9429157972335815
1650809666.734499,25,0.9438347816467285
1650809820.4231696,26,0.9438347816467285
1650809974.9213235,27,0.9438347816467285
1650810129.4423642,28,0.9438347816467285
1650810282.5413728,29,0.9438347816467285
1650810437.3357725,30,0.9438347816467285
1650810592.089535,31,0.9438347816467285
1650810747.2895076,32,0.9438347816467285
