Wall time,Step,Value
1650783488.8801024,1,0.9230217933654785
1650783580.7402785,2,0.9258360266685486
1650783671.341203,3,0.928748607635498
1650783764.3859198,4,0.930882453918457
1650783853.754714,5,0.9312676191329956
1650783944.6388183,6,0.9326251745223999
1650784034.6024091,7,0.9326251745223999
1650784124.3351598,8,0.9326806664466858
1650784214.59608,9,0.9342659115791321
1650784305.9072008,10,0.9342659115791321
1650784397.117736,11,0.9360830783843994
1650784491.4407415,12,0.9365141987800598
1650784583.140541,13,0.9392783045768738
1650784674.4225392,14,0.9392783045768738
1650784765.4970732,15,0.9392783045768738
1650784856.795894,16,0.9392783045768738
1650784947.770315,17,0.9392783045768738
1650785039.2670074,18,0.9392783045768738
1650785130.6633418,19,0.9392783045768738
1650785222.2044387,20,0.9392783045768738
1650785313.3169608,21,0.9392783045768738
1650785404.8389027,22,0.9402768611907959
1650785496.9770935,23,0.9405686855316162
1650785588.3585274,24,0.9405686855316162
1650785679.5768735,25,0.9405686855316162
1650785769.5139942,26,0.9409466981887817
1650785859.5727744,27,0.9409466981887817
1650785949.5714996,28,0.9412591457366943
1650786041.066723,29,0.9412591457366943
1650786132.2813513,30,0.9412591457366943
1650786223.0903032,31,0.9412591457366943
1650786313.5231042,32,0.9412591457366943
