Wall time,Step,Value
1650882635.3457282,1,0.9327394962310791
1650882691.318277,2,0.9383786916732788
1650882745.4584277,3,0.939518392086029
1650882799.605194,4,0.939518392086029
1650882853.7566795,5,0.939518392086029
1650882907.9404032,6,0.939518392086029
1650882962.0815866,7,0.939518392086029
1650883016.78858,8,0.9398115277290344
1650883070.8576112,9,0.9398115277290344
1650883125.700875,10,0.9414244890213013
1650883179.9369872,11,0.9414244890213013
1650883235.6181924,12,0.9414244890213013
1650883291.2522795,13,0.9414244890213013
1650883346.9512014,14,0.9414244890213013
1650883402.6751122,15,0.9414244890213013
1650883458.389673,16,0.9414244890213013
1650883513.867211,17,0.9414244890213013
1650883569.0208077,18,0.9414244890213013
1650883623.5298076,19,0.9414244890213013
1650883677.8829522,20,0.9414244890213013
1650883732.070015,21,0.9414244890213013
1650883786.3832915,22,0.9414244890213013
1650883840.7069535,23,0.9414244890213013
1650883895.1690595,24,0.9414244890213013
1650883949.2693539,25,0.9414244890213013
1650884003.4916346,26,0.9414244890213013
1650884057.7311845,27,0.9414244890213013
1650884111.9326806,28,0.9414244890213013
1650884166.6240675,29,0.9414244890213013
1650884220.8854892,30,0.9414244890213013
1650884275.2288425,31,0.9414244890213013
1650884329.6027977,32,0.9414244890213013
